{
  "phase": "B_full_BLS",
  "N": 707,
  "alpha": 0.015648958948595318,
  "se_alpha": 0.006821925771763142,
  "beta": -2.3113889883352475e-08,
  "se_beta": 7.121167060463732e-09,
  "t_beta": -3.2458008198795567,
  "p_two_sided": 0.0012265763557022247,
  "p_one_sided_positive": 0.9993867118221489,
  "R_squared": 0.014723556051810749,
  "pearson_r": -0.12134066116438787,
  "pearson_p": 0.0012265763557021807,
  "spearman_rho": -0.15802695465293748,
  "spearman_p": 2.4325559010317418e-05,
  "verdict": "H4 REJECTED: beta=-2.3114e-08 < 0",
  "delta_emp_describe": {
    "count": 759.0,
    "mean": -0.005114856104016802,
    "std": 0.049678263955072945,
    "min": -0.2883417994240344,
    "25%": -0.031014764269743533,
    "50%": -0.0018262182490966783,
    "75%": 0.022509553505571822,
    "max": 0.2070708853018679
  },
  "phys_index_range": {
    "min": -2.1900000000000004,
    "max": 8.43
  }
}