{
  "N": 707,
  "specs": {
    "1: E_thermo only": {
      "R_squared": 0.014723556051810749,
      "coefs": {
        "intercept": {
          "b": 0.01564895894859532,
          "se": 0.006821925771763137,
          "t": 2.293921023498739,
          "p_two": 0.022088270557549805,
          "p_one_positive": 0.011044135278774903
        },
        "E_thermo": {
          "b": -2.3113889883352475e-08,
          "se": 7.121167060463727e-09,
          "t": -3.245800819879559,
          "p_two": 0.0012265763557022247,
          "p_one_positive": 0.9993867118221489
        }
      }
    },
    "2: H_info only": {
      "R_squared": 0.010147406670012238,
      "coefs": {
        "intercept": {
          "b": -0.033525159339855774,
          "se": 0.010528462342843655,
          "t": -3.184240798718656,
          "p_two": 0.0015151998796607558,
          "p_one_positive": 0.9992424000601696
        },
        "H_info": {
          "b": 0.03215720013143568,
          "se": 0.011961658512926224,
          "t": 2.688356309176138,
          "p_two": 0.0073500290467827245,
          "p_one_positive": 0.0036750145233913623
        }
      }
    },
    "3: E_combined": {
      "R_squared": 0.0001516558701724069,
      "coefs": {
        "intercept": {
          "b": -0.005663539020461143,
          "se": 0.001864041274240136,
          "t": -3.038312025987647,
          "p_two": 0.002466971804470308,
          "p_one_positive": 0.9987665140977648
        },
        "E_combined": {
          "b": -0.00036428535895669857,
          "se": 0.001113998513981203,
          "t": -0.3270070420963284,
          "p_two": 0.7437596245744904,
          "p_one_positive": 0.6281201877127548
        }
      }
    },
    "4: E_thermo + H_info": {
      "R_squared": 0.04124583201811183,
      "coefs": {
        "intercept": {
          "b": -0.021014485660937745,
          "se": 0.01069451670425222,
          "t": -1.964977590112345,
          "p_two": 0.04980966580797652,
          "p_one_positive": 0.9750951670960117
        },
        "E_thermo": {
          "b": -3.665096695582502e-08,
          "se": 7.66979118729878e-09,
          "t": -4.778613401694591,
          "p_two": 2.149335241563577e-06,
          "p_one_positive": 0.9999989253323792
        },
        "H_info": {
          "b": 0.056722536723207824,
          "se": 0.012853386089675022,
          "t": 4.413042316434607,
          "p_two": 1.1790895406482704e-05,
          "p_one_positive": 5.895447703241352e-06
        }
      }
    },
    "5: 4 + gamma control": {
      "R_squared": 0.08921360317930671,
      "coefs": {
        "intercept": {
          "b": -0.10945722968386165,
          "se": 0.01789061684370101,
          "t": -6.118136151487685,
          "p_two": 1.5717569468165493e-09,
          "p_one_positive": 0.9999999992141215
        },
        "E_thermo": {
          "b": 1.1802403967766332e-08,
          "se": 1.0925764872901179e-08,
          "t": 1.0802359473284522,
          "p_two": 0.2804075760691802,
          "p_one_positive": 0.1402037880345901
        },
        "H_info": {
          "b": 0.07753754367102417,
          "se": 0.0129949702689409,
          "t": 5.966734980251982,
          "p_two": 3.836116535538281e-09,
          "p_one_positive": 1.9180582677691405e-09
        },
        "GPT_gamma": {
          "b": 0.05150781916738616,
          "se": 0.008465039674282306,
          "t": 6.084769965564652,
          "p_two": 1.916443448379823e-09,
          "p_one_positive": 9.582217241899116e-10
        }
      }
    },
    "6: 4 + beta control": {
      "R_squared": 0.08921360317930671,
      "coefs": {
        "intercept": {
          "b": -0.1609650488512476,
          "se": 0.02525492972614358,
          "t": -6.373609057586037,
          "p_two": 3.340625553960308e-10,
          "p_one_positive": 0.9999999998329687
        },
        "E_thermo": {
          "b": 1.1802403967766557e-08,
          "se": 1.092576487290123e-08,
          "t": 1.0802359473284677,
          "p_two": 0.2804075760691733,
          "p_one_positive": 0.14020378803458666
        },
        "H_info": {
          "b": 0.12904536283841034,
          "se": 0.01727545058198231,
          "t": 7.469869583199186,
          "p_two": 2.3869795029440866e-13,
          "p_one_positive": 1.1934897514720433e-13
        },
        "GPT_beta": {
          "b": 0.10301563833477236,
          "se": 0.016930079348564792,
          "t": 6.08476996556459,
          "p_two": 1.916443448379823e-09,
          "p_one_positive": 9.582217241899116e-10
        }
      }
    }
  },
  "combined_verdict": "H4 (combined) sign negative on combined index"
}