{
  "v1.2_alt_proxy": {
    "N": 655,
    "proxy_correlation_eloundou_vs_felten": {
      "r": 0.40709381842362435,
      "p": 1.5443505690660574e-27
    },
    "IRI_eloundou_r": 0.32678374760610357,
    "IRI_felten_r": 0.25751653089670656,
    "IRI_felten_rho": 0.2798085099366513,
    "joint_OLS": {
      "labels": [
        "intercept",
        "z_H_info(Eloundou)",
        "z_H_info(Felten)",
        "z_JobZone",
        "z_log_wage"
      ],
      "b": [
        -0.006692303127577427,
        0.008133708667449677,
        -0.006356614938522699,
        0.003958171568152768,
        0.008029248055999569
      ],
      "se": [
        0.001777115515389843,
        0.0021709045748958106,
        0.002945534514916409,
        0.0030894029152678665,
        0.00258015760215277
      ],
      "t": [
        -3.7658233635472746,
        3.7466910160434126,
        -2.1580514186244706,
        1.2812092422750805,
        3.111921554443154
      ],
      "p_two": [
        0.0001810526490888531,
        0.00019511018632067945,
        0.03128938314596286,
        0.20057707232404698,
        0.0019402261996386283
      ],
      "R2": 0.11504955435085751
    }
  },
  "v1.3_industry_FE": {
    "N": 653,
    "beta_IRI": 0.007393832009103499,
    "se_IRI": 0.0009412971979676697,
    "t_IRI": 7.8549389343422344,
    "p_two_IRI": 1.7319479184152442e-14,
    "R2_with_FE": 0.21969056929910513,
    "R2_FE_only": 0.14302632867631082,
    "R2_increment_from_IRI": 0.07666424062279431,
    "n_naics_dummies": 23
  }
}