{
  "v2.1": {
    "N_main": 707,
    "tautology_check": {
      "pearson_r_RTI_vs_Eloundou": 0.027007381811790944,
      "p": 0.47339130330601437,
      "interpretation": "Lower |r| means more independence, breaking the tautology."
    },
    "spec_1_RTI_only": {
      "beta": 0.009786023723346653,
      "se": 0.003009182575576316,
      "t": 3.252053831088146,
      "p_one_sided_positive": 0.0006001507436986797,
      "R2": 0.014779501096074177
    },
    "spec_2_RTI_plus_gamma_control": {
      "beta_RTI": 0.0041070966949419835,
      "se_RTI": 0.0032261019450136735,
      "t_RTI": 1.2730833572354998,
      "p_one_sided_positive": 0.10170434593312239,
      "gamma_GPT": 0.025741149963481855,
      "R2": 0.04231704762324029
    },
    "spec_3_horse_race": {
      "beta_RTI": 0.005887088395642434,
      "p_RTI": 0.0014675924137235175,
      "beta_Eloundou": 0.004827100167694361,
      "p_Eloundou": 0.00901905649527146,
      "R2": 0.024283135005948697
    },
    "spec_4_E_thermo_v2": {
      "N": 707,
      "beta": -0.0009258427034242283,
      "se": 0.0002448240518539279,
      "t": -3.781665634619201,
      "p_one_sided_positive": 0.9999155052968872,
      "R2": 0.01988179506496479
    }
  }
}