{
  "v2.3_DiD": {
    "N_panel": 27356,
    "n_states": 51,
    "n_occupations": 702,
    "ai_state_proxy": "tech_share = (Computer + Math occupations 2019) / total state employment 2019",
    "spec_1_pooled": {
      "beta1_H_info_RTI": 0.04369258393146158,
      "p1": 0.0,
      "beta2_tech_share": -0.012689638385915806,
      "p2": 9.461043470215813e-06,
      "beta3_interaction": 0.00068826405428731,
      "p_two_beta3": 0.8103487483092717,
      "p_one_beta3": 0.40517437415463586,
      "R2": 0.009059480101244688
    },
    "spec_2_two_way_FE": {
      "beta_DiD": 0.0013986616901350167,
      "se": 0.0026234277923287154,
      "t": 0.5331428195679359,
      "p_two": 0.5939390513302452,
      "p_one_positive": 0.2969695256651226,
      "R2_within": 1.0391105961793379e-05
    },
    "spec_3_robustness_Eloundou": {
      "beta_DiD": 0.0019089361514494062,
      "p_two": 0.46803061568307913,
      "p_one_positive": 0.23401530784153957
    }
  }
}