{
  "v2.4_DiD": {
    "N_panel": 27356,
    "n_states": 51,
    "proxy_correlation_tech_vs_info": 0.2443138769780183,
    "DiD_two_way_FE": {
      "P1_tech_share": {
        "beta": 0.0013986616901350167,
        "se": 0.0026234277923287154,
        "t": 0.5331428195679359,
        "p_two": 0.5939390513302452,
        "p_one": 0.2969695256651226,
        "N": 27356
      },
      "P2_NAICS51_information_share": {
        "beta": -0.001342646798593819,
        "se": 0.0029504791374335357,
        "t": -0.4550605972973311,
        "p_two": 0.6490692558276359,
        "p_one": 0.6754653720861821,
        "N": 27356
      },
      "P3_composite_z": {
        "beta": 0.00023715892172298012,
        "se": 0.00276347694794085,
        "t": 0.08581903384419197,
        "p_two": 0.9316109035785713,
        "p_one": 0.4658054517892857,
        "N": 27356
      }
    },
    "subsample_split": {
      "high_AI_states": {
        "beta": 0.07009171186092915,
        "se": 0.006394828702424532,
        "t": 10.960686379973652,
        "p_one": 0.0,
        "N": 14111
      },
      "low_AI_states": {
        "beta": 0.07135104634595299,
        "se": 0.006729722222142399,
        "t": 10.602376144321521,
        "p_one": 0.0,
        "N": 13245
      },
      "difference_beta": -0.0012593344850238414,
      "diff_t": -0.13565328151342082,
      "diff_p_one": 0.5539518097895344
    }
  }
}