{
  "v2.5_DiD_AIGE": {
    "N_panel": 27356,
    "n_states": 51,
    "Felten_AIGE": "from data/felten_aioe.xlsx Appendix C, state-level",
    "DiD_two_way_FE": {
      "beta": -0.0013544177354330186,
      "se": 0.0027522100824198727,
      "t": -0.49212003984890235,
      "p_two": 0.6226384355883212,
      "p_one_positive": 0.6886807822058394,
      "R2_within": 8.853549369525204e-06
    },
    "subsample_split": {
      "high_AIGE": {
        "beta": 0.06940738489795746,
        "se": 0.006528427367053559,
        "t": 10.631562701950184,
        "p_one": 0.0,
        "N": 13599
      },
      "low_AIGE": {
        "beta": 0.07221792276699388,
        "se": 0.006575078336950063,
        "t": 10.983583626851983,
        "p_one": 0.0,
        "N": 13757
      },
      "difference": -0.002810537869036414,
      "diff_t": -0.3033291755966638,
      "diff_p_one": 0.6191793394972238
    }
  }
}