{
  "v2.6_CrossCountry": {
    "data": "Eurostat LFSA_EGAI2D, ISCO-08 1-digit, T sex, Y15-64",
    "N_panel": 315,
    "n_countries": 35,
    "n_isco_categories": 9,
    "H_info_mapping": {
      "1": 1.5,
      "2": 1.5,
      "3": 0.5,
      "4": -1.5,
      "5": 0.0,
      "6": 0.0,
      "7": -0.5,
      "8": -1.0,
      "9": -1.5,
      "0": NaN
    },
    "spec_1_H_info_only": {
      "beta": 0.008790353024167247,
      "se": 0.0016317530792158545,
      "t": 5.387060785196426,
      "p_two": 1.410137038249104e-07,
      "p_one_positive": 7.05068519124552e-08,
      "R2": 0.08484997349631218
    },
    "spec_2_country_FE": {
      "beta": 0.008790353024167247,
      "se": 0.0015429670241704622,
      "t": 5.697045294207219,
      "p_two": 3.092277256477871e-08,
      "p_one_positive": 1.5461386282389356e-08,
      "R2": 0.2706154333855867
    }
  }
}