{
  "v2.7_ISCO2_GenAI": {
    "N": 1198,
    "n_countries": 32,
    "n_isco2": 40,
    "spec_1_no_FE": {
      "beta": 0.00948286207876627,
      "t": 7.315891638693151,
      "p_one": 2.3370194668359545e-13,
      "R2": 0.042834186900091886
    },
    "spec_2_country_FE": {
      "beta": 0.009473553685791405,
      "t": 7.48963972740137,
      "p_one": 6.794564910705958e-14,
      "R2": 0.11310030228247259
    },
    "spec_3_genai_main": {
      "beta_H_info": 0.00946974230173927,
      "beta_genai": 0.0021030883865453273,
      "p_genai_two": 0.18066702170945037,
      "R2": 0.044269162116610916
    },
    "spec_4_interaction": {
      "beta_H_info": 0.009468297361170164,
      "beta_interaction": -0.0023827132724618767,
      "p_two_int": 0.06590165740793741,
      "p_one_int": 0.9670491712960313,
      "R2": 0.046973772874259634
    },
    "spec_5_full": {
      "beta_H_info": 0.009470054488838635,
      "beta_interaction": -0.002410688442562468,
      "p_two_int": 0.05663145097568312,
      "p_one_int": 0.9716842745121584,
      "R2": 0.1158655992177654
    },
    "subsample_split": {
      "high_GenAI": {
        "beta": 0.0065780700912766036,
        "t": 4.302882638320301,
        "p_one": 9.786427250357832e-06
      },
      "low_GenAI": {
        "beta": 0.012628446939727006,
        "t": 5.935406665425442,
        "p_one": 2.5442965512212368e-09
      },
      "diff": -0.0060503768484504025,
      "diff_t": -2.309374257068082,
      "diff_p_one": 0.9894535901721158
    }
  }
}