{
  "v2.9_multi_period": {
    "windows": {
      "W1: 2011-2016": {
        "beta": 0.004626851447041159,
        "se": 0.0013879869744191928,
        "t": 3.333497743361229,
        "p_one": 0.0004407379337161288,
        "p_two": 0.0008814758674322576,
        "R2": 0.06816413401456045,
        "N": 1352
      },
      "W2: 2014-2019": {
        "beta": 0.00372879198809663,
        "se": 0.001157912389753336,
        "t": 3.2202712580793396,
        "p_one": 0.0006555527948076678,
        "p_two": 0.0013111055896153356,
        "R2": 0.06182179077731731,
        "N": 1392
      },
      "W3: 2016-2021": {
        "beta": 0.006953607377605359,
        "se": 0.0013266836981776621,
        "t": 5.241345308724951,
        "p_one": 9.311967497094287e-08,
        "p_two": 1.8623934994188573e-07,
        "R2": 0.0786511244333562,
        "N": 1318
      },
      "W4: 2019-2024": {
        "beta": 0.009470662256998108,
        "se": 0.0012269632918854743,
        "t": 7.7187820692211115,
        "p_one": 1.176836406102666e-14,
        "p_two": 2.353672812205332e-14,
        "R2": 0.10984621773182957,
        "N": 1310
      }
    },
    "monotone_increasing": false,
    "stacked_baseline_beta": 0.00464763786853763,
    "stacked_window_interactions": {
      "w_W2: 2014-2019": {
        "beta_int": -0.000851174583631513,
        "t": -0.4738647800090753,
        "p_two": 0.6356157527281403,
        "p_one_positive": 0.6821921236359298
      },
      "w_W3: 2016-2021": {
        "beta_int": 0.0023033885225191425,
        "t": 1.267522748453148,
        "p_two": 0.20502382780595996,
        "p_one_positive": 0.10251191390297998
      },
      "w_W4: 2019-2024": {
        "beta_int": 0.004811089224111966,
        "t": 2.6445907099576242,
        "p_two": 0.00820296687276123,
        "p_one_positive": 0.004101483436380615
      }
    }
  }
}